Uploaded_variation,Location,SYMBOL,Consequence,IMPACT,HGVSc,HGVSp,SIFT,PolyPhen,gnomAD_AF,CLIN_SIG,Existing_variation,acmg_tier,acmg_score,acmg_codes
rs80357906,17:43094692-43094692,BRCA1,stop_gained,HIGH,ENST00000357654.9:c.5266dupC,ENSP00000350283.3:p.Gln1756ProfsTer74,,,0.000004,pathogenic,rs80357906,Pathogenic,14,"PVS1, PS1, PM2"
rs28897743,17:43063873-43063873,BRCA1,missense_variant,MODERATE,ENST00000357654.9:c.5123C>A,ENSP00000350283.3:p.Ala1708Glu,deleterious(0.001),probably_damaging(0.998),0.000008,pathogenic,rs28897743,Likely Pathogenic,8,"PS1, PM2, PP2, PP3"
rs80357711,17:43045629-43045629,BRCA1,splice_acceptor_variant,HIGH,ENST00000357654.9:c.4096-2A>T,,,,0.000002,pathogenic,rs80357711,Pathogenic,14,"PVS1, PS1, PM2"
rs80359550,13:32340300-32340300,BRCA2,frameshift_variant,HIGH,ENST00000380152.8:c.5946delT,ENSP00000369497.3:p.Ser1982ArgfsTer22,,,0.000006,pathogenic,rs80359550,Pathogenic,14,"PVS1, PS1, PM2"
rs28897743_brca2,13:32906819-32906819,BRCA2,missense_variant,MODERATE,ENST00000380152.8:c.7397T>C,ENSP00000369497.3:p.Leu2466Pro,deleterious(0.002),probably_damaging(0.997),0.000003,likely_pathogenic,rs80358720,Likely Pathogenic,8,"PS1, PM2, PP2, PP3"
rs28934578,17:7674872-7674872,TP53,missense_variant,MODERATE,ENST00000269305.9:c.817C>T,ENSP00000269305.4:p.Arg273Cys,deleterious(0.0),probably_damaging(1.0),0.000001,pathogenic,rs28934578,Pathogenic,10,"PS1, PM1, PM2, PP2, PP3"
rs1042522,17:7674220-7674220,TP53,missense_variant,MODERATE,ENST00000269305.9:c.215C>G,ENSP00000269305.4:p.Pro72Arg,tolerated(0.06),benign(0.001),0.38,benign,rs1042522,Benign,-21,"BA1, BS3, BP4"
rs28934574,17:7673776-7673776,TP53,missense_variant,MODERATE,ENST00000269305.9:c.743G>A,ENSP00000269305.4:p.Arg248Gln,deleterious(0.0),probably_damaging(0.999),0.000002,pathogenic,rs28934574,Pathogenic,10,"PS1, PM1, PM2, PP2, PP3"
rs63750934,3:37006994-37006994,MLH1,missense_variant,MODERATE,ENST00000231790.8:c.350C>T,ENSP00000231790.4:p.Thr117Met,deleterious(0.01),probably_damaging(0.994),0.000012,likely_pathogenic,rs63750934,Likely Pathogenic,8,"PS1, PM2, PP2, PP3"
rs63750066,3:37006822-37006822,MLH1,stop_gained,HIGH,ENST00000231790.8:c.208C>T,ENSP00000231790.4:p.Arg70Ter,,,0.000003,pathogenic,rs63750066,Pathogenic,14,"PVS1, PS1, PM2"
rs267607887,2:47702181-47702181,MSH2,frameshift_variant,HIGH,ENST00000233146.7:c.1216delC,ENSP00000233146.4:p.Leu406CysfsTer5,,,0.000001,pathogenic,rs267607887,Pathogenic,14,"PVS1, PS1, PM2"
rs267607888,2:47630437-47630437,MSH2,missense_variant,MODERATE,ENST00000233146.7:c.965A>G,ENSP00000233146.4:p.Tyr322Cys,deleterious(0.003),probably_damaging(0.992),0.000005,likely_pathogenic,rs267607888,Likely Pathogenic,8,"PS1, PM2, PP2, PP3"
VUS_BRCA1_001,17:43090943-43090943,BRCA1,missense_variant,MODERATE,ENST00000357654.9:c.4837A>T,ENSP00000350283.3:p.Ser1613Cys,deleterious(0.02),possibly_damaging(0.734),0.000015,uncertain_significance,,VUS,4,"PM2, PP2, PP3"
VUS_TP53_001,17:7675088-7675088,TP53,missense_variant,MODERATE,ENST00000269305.9:c.524G>A,ENSP00000269305.4:p.Arg175His,deleterious(0.0),possibly_damaging(0.812),0.000020,uncertain_significance,rs28934575,Likely Pathogenic,6,"PM1, PM2, PP2, PP3"
LB_BRCA2_001,13:32315086-32315086,BRCA2,missense_variant,MODERATE,ENST00000380152.8:c.865A>T,ENSP00000369497.3:p.Asn289Tyr,tolerated(0.08),benign(0.012),0.012,likely_benign,rs169547,Likely Benign,-8,"PP2, BS1, BS3, BP4"
LB_MLH1_001,3:37062374-37062374,MLH1,synonymous_variant,LOW,ENST00000231790.8:c.453A>G,ENSP00000231790.4:p.Leu151=,,,0.028,likely_benign,rs1799977,Likely Benign,-9,"BS1, BS3, BP7"
rs1799950,17:43094770-43094770,BRCA1,missense_variant,MODERATE,ENST00000357654.9:c.5339T>C,ENSP00000350283.3:p.Met1783Thr,tolerated(0.22),benign(0.034),0.073,benign,rs1799950,Benign,-21,"BA1, BS3, BP4"
rs4986850,17:43093569-43093569,BRCA1,synonymous_variant,LOW,ENST00000357654.9:c.4956G>A,ENSP00000350283.3:p.Gln1652=,,,0.12,benign,rs4986850,Benign,-21,"BA1, BS3, BP7"
rs180177102,16:23641310-23641310,PALB2,frameshift_variant,HIGH,ENST00000261584.9:c.3113G>A,ENSP00000261584.3:p.Trp1038Ter,,,0.000007,pathogenic,rs180177102,Pathogenic,14,"PVS1, PS1, PM2"
rs555607708,22:29083641-29083641,CHEK2,stop_gained,HIGH,ENST00000404276.6:c.1100delC,ENSP00000385747.2:p.Thr367MetfsTer15,,,0.000010,pathogenic,rs555607708,Pathogenic,14,"PVS1, PS1, PM2"
